SYMBOL,SECTOR
20MICRONS,SmallCap/Other
21STCENMGM,SmallCap/Other
360ONE,Financial Services
3IINFOLTD,SmallCap/Other
3MINDIA,Diversified
3PLAND,SmallCap/Other
5PAISA,SmallCap/Other
5PAISA-RE,SmallCap/Other
63MOONS,SmallCap/Other
A2ZINFRA,SmallCap/Other
AAATECH,SmallCap/Other
AADHARHFC,Financial Services
AAKASH,SmallCap/Other
AAREYDRUGS,SmallCap/Other
AARNAV,SmallCap/Other
AARON,SmallCap/Other
AARTECH,SmallCap/Other
AARTIDRUGS,SmallCap/Other
AARTIIND,Chemicals
AARTIPHARM,SmallCap/Other
AARTISURF,SmallCap/Other
AARVI,SmallCap/Other
AAVAS,Financial Services
ABB,Capital Goods
ABBOTINDIA,Healthcare
ABCAPITAL,Financial Services
ABCOTS,SmallCap/Other
ABDL,Fast Moving Consumer Goods
ABFRL,Consumer Services
ABINFRA,SmallCap/Other
ABLBL,Consumer Services
ABMINTLLTD,SmallCap/Other
ABREL,Realty
ABSLAMC,Financial Services
ACC,Construction Materials
ACCELYA,SmallCap/Other
ACCURACY,SmallCap/Other
ACE,Capital Goods
ACEINTEG,SmallCap/Other
ACI,SmallCap/Other
ACL,SmallCap/Other
ACMESOLAR,Power
ACUTAAS,Healthcare
ADANIENSOL,Power
ADANIENT,Metals & Mining
ADANIGREEN,Power
ADANIPORTS,Services
ADANIPOWER,Power
ADFFOODS,SmallCap/Other
ADL,SmallCap/Other
ADOR,SmallCap/Other
ADROITINFO,SmallCap/Other
ADSL,SmallCap/Other
ADVAIT,SmallCap/Other
ADVANCE,SmallCap/Other
ADVANIHOTR,SmallCap/Other
ADVENTHTL,SmallCap/Other
ADVENZYMES,SmallCap/Other
AEGISLOG,Oil Gas & Consumable Fuels
AEGISVOPAK,Oil Gas & Consumable Fuels
AEPL,SmallCap/Other
AEQUS,SmallCap/Other
AEROENTER,SmallCap/Other
AEROFLEX,SmallCap/Other
AERONEU,SmallCap/Other
AETHER,SmallCap/Other
AFCONS,Construction
AFFLE,Information Technology
AFFORDABLE,SmallCap/Other
AFIL,SmallCap/Other
AFSL,SmallCap/Other
AGARIND,SmallCap/Other
AGARWALEYE,SmallCap/Other
AGI,SmallCap/Other
AGIIL,SmallCap/Other
AGRITECH,SmallCap/Other
AGROPHOS,SmallCap/Other
AGSTRA,SmallCap/Other
AHCL,SmallCap/Other
AHLADA,SmallCap/Other
AHLEAST,SmallCap/Other
AHLUCONT,SmallCap/Other
AHLWEST,SmallCap/Other
AIAENG,Capital Goods
AIIL,Financial Services
AIRAN,SmallCap/Other
AIROLAM,SmallCap/Other
AJANTPHARM,Healthcare
AJAXENGG,SmallCap/Other
AJMERA,SmallCap/Other
AJOONI,SmallCap/Other
AKASH,SmallCap/Other
AKG,SmallCap/Other
AKI,SmallCap/Other
AKSHAR,SmallCap/Other
AKSHARCHEM,SmallCap/Other
AKSHOPTFBR,SmallCap/Other
AKUMS,SmallCap/Other
AKZOINDIA,Consumer Durables
ALANKIT,SmallCap/Other
ALBERTDAVD,SmallCap/Other
ALEMBICLTD,SmallCap/Other
ALGOQUANT,SmallCap/Other
ALICON,SmallCap/Other
ALIVUS,SmallCap/Other
ALKALI,SmallCap/Other
ALKEM,Healthcare
ALKYLAMINE,SmallCap/Other
ALLCARGO,SmallCap/Other
ALLDIGI,SmallCap/Other
ALLTIME,SmallCap/Other
ALMONDZ,SmallCap/Other
ALOKINDS,SmallCap/Other
ALPA,SmallCap/Other
ALPHAGEO,SmallCap/Other
AMAGI,SmallCap/Other
AMANTA,SmallCap/Other
AMBER,Consumer Durables
AMBICAAGAR,SmallCap/Other
AMBIKCO,SmallCap/Other
AMBUJACEM,Construction Materials
AMDIND,SmallCap/Other
AMIRCHAND,SmallCap/Other
AMJLAND,SmallCap/Other
AMNPLST,SmallCap/Other
AMRUTANJAN,SmallCap/Other
ANANDRATHI,Financial Services
ANANTRAJ,Realty
ANDHRAPAP,SmallCap/Other
ANDHRSUGAR,SmallCap/Other
ANGELONE,Financial Services
ANIKINDS,SmallCap/Other
ANKITMETAL,SmallCap/Other
ANMOL,SmallCap/Other
ANSALAPI,SmallCap/Other
ANTELOPUS,SmallCap/Other
ANTGRAPHIC,SmallCap/Other
ANTHEM,Healthcare
ANUHPHR,SmallCap/Other
ANUP,SmallCap/Other
ANURAS,Chemicals
APARINDS,Capital Goods
APCL,SmallCap/Other
APCOTEXIND,SmallCap/Other
APEX,SmallCap/Other
APLAPOLLO,Capital Goods
APLLTD,SmallCap/Other
APOLLO,SmallCap/Other
APOLLOHOSP,Healthcare
APOLLOPIPE,SmallCap/Other
APOLLOTYRE,Automobile and Auto Components
APOLSINHOT,SmallCap/Other
APTECHT,SmallCap/Other
APTUS,Financial Services
AQYLON,SmallCap/Other
ARCHIDPLY,SmallCap/Other
ARCHIES,SmallCap/Other
ARE&M,Automobile and Auto Components
ARENTERP,SmallCap/Other
ARFIN,SmallCap/Other
ARIES,SmallCap/Other
ARIHANTCAP,SmallCap/Other
ARIHANTSUP,SmallCap/Other
ARIS,SmallCap/Other
ARKADE,SmallCap/Other
ARMANFIN,SmallCap/Other
AROGRANITE,SmallCap/Other
ARROWGREEN,SmallCap/Other
ARSHIYA,SmallCap/Other
ARSSBL,SmallCap/Other
ARTEMISMED,SmallCap/Other
ARTNIRMAN,SmallCap/Other
ARVEE,SmallCap/Other
ARVIND,SmallCap/Other
ARVINDFASN,SmallCap/Other
ARVSMART,SmallCap/Other
ASAHIINDIA,Automobile and Auto Components
ASAHISONG,SmallCap/Other
ASAL,SmallCap/Other
ASALCBR,SmallCap/Other
ASHAPURMIN,SmallCap/Other
ASHIANA,SmallCap/Other
ASHIMASYN,SmallCap/Other
ASHOKA,SmallCap/Other
ASHOKAMET,SmallCap/Other
ASHOKLEY,Capital Goods
ASIANENE,SmallCap/Other
ASIANHOTNR,SmallCap/Other
ASIANPAINT,Consumer Durables
ASIANTILES,SmallCap/Other
ASKAUTOLTD,SmallCap/Other
ASMS,SmallCap/Other
ASPINWALL,SmallCap/Other
ASTEC,SmallCap/Other
ASTERDM,Healthcare
ASTRAL,Capital Goods
ASTRAMICRO,SmallCap/Other
ASTRAZEN,SmallCap/Other
ASTRON,SmallCap/Other
ATALREAL,SmallCap/Other
ATAM,SmallCap/Other
ATGL,Oil Gas & Consumable Fuels
ATHERENERG,Automobile and Auto Components
ATL,SmallCap/Other
ATLANTAA,SmallCap/Other
ATLANTAELE,SmallCap/Other
ATLASCYCLE,SmallCap/Other
ATUL,Chemicals
ATULAUTO,SmallCap/Other
AUBANK,Financial Services
AURIGROW,SmallCap/Other
AURIONPRO,SmallCap/Other
AUROPHARMA,Healthcare
AURUM,SmallCap/Other
AUSOMENT,SmallCap/Other
AUTOAXLES,SmallCap/Other
AUTOIND,SmallCap/Other
AVADHSUGAR,SmallCap/Other
AVALON,SmallCap/Other
AVANTEL,SmallCap/Other
AVANTIFEED,SmallCap/Other
AVG,SmallCap/Other
AVL,SmallCap/Other
AVONMORE,SmallCap/Other
AVROIND,SmallCap/Other
AVTNPL,SmallCap/Other
AWFIS,SmallCap/Other
AWHCL,SmallCap/Other
AWL,Fast Moving Consumer Goods
AXISBANK,Financial Services
AXISCADES,SmallCap/Other
AXITA,SmallCap/Other
AYE,SmallCap/Other
AYMSYNTEX,SmallCap/Other
AZAD,SmallCap/Other
BAFNAPH,SmallCap/Other
BAGFILMS,SmallCap/Other
BAIDFIN,SmallCap/Other
BAJAJ-AUTO,Automobile and Auto Components
BAJAJCON,SmallCap/Other
BAJAJELEC,SmallCap/Other
BAJAJFINSV,Financial Services
BAJAJHCARE,SmallCap/Other
BAJAJHFL,Financial Services
BAJAJHIND,SmallCap/Other
BAJAJHLDNG,Financial Services
BAJAJINDEF,SmallCap/Other
BAJEL,SmallCap/Other
BAJFINANCE,Financial Services
BALAJEE,SmallCap/Other
BALAJITELE,SmallCap/Other
BALAMINES,SmallCap/Other
BALAXI,SmallCap/Other
BALKRISHNA,SmallCap/Other
BALKRISIND,Automobile and Auto Components
BALMLAWRIE,SmallCap/Other
BALPHARMA,SmallCap/Other
BALRAMCHIN,Fast Moving Consumer Goods
BALUFORGE,SmallCap/Other
BANARBEADS,SmallCap/Other
BANARISUG,SmallCap/Other
BANCOINDIA,SmallCap/Other
BANDHANBNK,Financial Services
BANG,SmallCap/Other
BANKA,SmallCap/Other
BANKBARODA,Financial Services
BANKINDIA,Financial Services
BANSALWIRE,SmallCap/Other
BANSWRAS,SmallCap/Other
BASF,SmallCap/Other
BASML,SmallCap/Other
BATAINDIA,Consumer Durables
BAYERCROP,Chemicals
BBL,SmallCap/Other
BBOX,SmallCap/Other
BBTC,Fast Moving Consumer Goods
BBTCL,SmallCap/Other
BCG,SmallCap/Other
BCLIND,SmallCap/Other
BCONCEPTS,SmallCap/Other
BCPL,SmallCap/Other
BDL,Capital Goods
BEARDSELL,SmallCap/Other
BECTORFOOD,SmallCap/Other
BEDMUTHA,SmallCap/Other
BEL,Capital Goods
BELLACASA,SmallCap/Other
BELRISE,Automobile and Auto Components
BEML,Capital Goods
BEPL,SmallCap/Other
BERGEPAINT,Consumer Durables
BESTAGRO,SmallCap/Other
BETA,SmallCap/Other
BFINVEST,SmallCap/Other
BFUTILITIE,SmallCap/Other
BGRENERGY,SmallCap/Other
BHAGCHEM,SmallCap/Other
BHAGERIA,SmallCap/Other
BHAGYANGR,SmallCap/Other
BHANDARI,SmallCap/Other
BHARATCOAL,SmallCap/Other
BHARATFORG,Automobile and Auto Components
BHARATGEAR,SmallCap/Other
BHARATRAS,SmallCap/Other
BHARATSE,SmallCap/Other
BHARATWIRE,SmallCap/Other
BHARTIARTL,Telecommunication
BHARTIHEXA,Telecommunication
BHEL,Capital Goods
BIGBLOC,SmallCap/Other
BIKAJI,Fast Moving Consumer Goods
BIL,SmallCap/Other
BILVYAPAR,SmallCap/Other
BIOCON,Healthcare
BIOFILCHEM,SmallCap/Other
BIRLACABLE,SmallCap/Other
BIRLACORPN,SmallCap/Other
BIRLAMONEY,SmallCap/Other
BIRLANU,SmallCap/Other
BLACKBUCK,SmallCap/Other
BLAL,SmallCap/Other
BLBLIMITED,SmallCap/Other
BLISSGVS,SmallCap/Other
BLKASHYAP,SmallCap/Other
BLS,Consumer Services
BLSE,SmallCap/Other
BLUECOAST,SmallCap/Other
BLUEDART,Services
BLUEJET,Healthcare
BLUESTARCO,Consumer Durables
BLUESTONE,SmallCap/Other
BLUSPRING,SmallCap/Other
BMWVENTLTD,SmallCap/Other
BODALCHEM,SmallCap/Other
BOHRAIND,SmallCap/Other
BOMDYEING,SmallCap/Other
BONLON,SmallCap/Other
BORANA,SmallCap/Other
BOROLTD,SmallCap/Other
BORORENEW,SmallCap/Other
BOROSCI,SmallCap/Other
BOSCH-HCIL,SmallCap/Other
BOSCHLTD,Automobile and Auto Components
BPCL,Oil Gas & Consumable Fuels
BPL,SmallCap/Other
BRIGADE,Realty
BRIGHOTEL,SmallCap/Other
BRITANNIA,Fast Moving Consumer Goods
BRNL,SmallCap/Other
BROOKS,SmallCap/Other
BSE,Financial Services
BSHSL,SmallCap/Other
BSL,SmallCap/Other
BSOFT,Information Technology
BTML,SmallCap/Other
BUILDPRO,SmallCap/Other
BUTTERFLY,SmallCap/Other
BVCL,SmallCap/Other
BYKE,SmallCap/Other
CALSOFT,SmallCap/Other
CAMLINFINE,SmallCap/Other
CAMPUS,SmallCap/Other
CAMS,Financial Services
CANBK,Financial Services
CANFINHOME,Financial Services
CANHLIFE,Financial Services
CANTABIL,SmallCap/Other
CAPACITE,SmallCap/Other
CAPILLARY,SmallCap/Other
CAPITALSFB,SmallCap/Other
CAPLIPOINT,Healthcare
CAPTRUST,SmallCap/Other
CARBORUNIV,Capital Goods
CARERATING,SmallCap/Other
CARRARO,SmallCap/Other
CARTRADE,Consumer Services
CARYSIL,SmallCap/Other
CASTROLIND,Oil Gas & Consumable Fuels
CCAVENUE,SmallCap/Other
CCCL,SmallCap/Other
CCHHL,SmallCap/Other
CCL,Fast Moving Consumer Goods
CDSL,Financial Services
CEATLTD,Automobile and Auto Components
CEIGALL,SmallCap/Other
CEINSYS,SmallCap/Other
CELEBRITY,SmallCap/Other
CELLO,SmallCap/Other
CEMPRO,Construction
CENTENKA,SmallCap/Other
CENTEXT,SmallCap/Other
CENTRALBK,Financial Services
CENTRUM,SmallCap/Other
CENTUM,SmallCap/Other
CENTURYPLY,SmallCap/Other
CERA,SmallCap/Other
CEREBRAINT,SmallCap/Other
CESC,Power
CEWATER,SmallCap/Other
CGCL,Financial Services
CGPOWER,Capital Goods
CHALET,Consumer Services
CHAMBLFERT,Chemicals
CHEMBOND,SmallCap/Other
CHEMBONDCH,SmallCap/Other
CHEMCON,SmallCap/Other
CHEMFAB,SmallCap/Other
CHEMPLASTS,SmallCap/Other
CHENNPETRO,Oil Gas & Consumable Fuels
CHEVIOT,SmallCap/Other
CHOICEIN,Financial Services
CHOLAFIN,Financial Services
CHOLAHLDNG,Financial Services
CIEINDIA,SmallCap/Other
CIFL,SmallCap/Other
CIGNITITEC,SmallCap/Other
CINELINE,SmallCap/Other
CINEVISTA,SmallCap/Other
CIPLA,Healthcare
CLCIND,SmallCap/Other
CLEAN,Chemicals
CLEANMAX,SmallCap/Other
CLEDUCATE,SmallCap/Other
CLSEL,SmallCap/Other
CMPDI,SmallCap/Other
CMSINFO,SmallCap/Other
CNL,SmallCap/Other
COALINDIA,Oil Gas & Consumable Fuels
COASTCORP,SmallCap/Other
COCHINSHIP,Capital Goods
COFFEEDAY,SmallCap/Other
COFORGE,Information Technology
COHANCE,Healthcare
COLPAL,Fast Moving Consumer Goods
COMPINFO,SmallCap/Other
COMPUSOFT,SmallCap/Other
COMSYN,SmallCap/Other
CONCOR,Services
CONCORDBIO,Healthcare
CONFIPET,SmallCap/Other
CONSOFINVT,SmallCap/Other
CONTROLPR,SmallCap/Other
CORALFINAC,SmallCap/Other
CORDSCABLE,SmallCap/Other
COROMANDEL,Chemicals
CORONA,SmallCap/Other
COSMOFIRST,SmallCap/Other
COUNCODOS,SmallCap/Other
CPCAP,SmallCap/Other
CPEDU,SmallCap/Other
CPPLUS,Capital Goods
CRAFTSMAN,Automobile and Auto Components
CRAMC,SmallCap/Other
CREATIVEYE,SmallCap/Other
CREDITACC,Financial Services
CREST,SmallCap/Other
CRISIL,Financial Services
CRIZAC,SmallCap/Other
CROMPTON,Consumer Durables
CROWN,SmallCap/Other
CSBBANK,SmallCap/Other
CSLFINANCE,SmallCap/Other
CTE,SmallCap/Other
CUB,Financial Services
CUBEXTUB,SmallCap/Other
CUMMINSIND,Capital Goods
CUPID,SmallCap/Other
CURAA,SmallCap/Other
CYBERMEDIA,SmallCap/Other
CYBERTECH,SmallCap/Other
CYIENT,Information Technology
CYIENTDLM,SmallCap/Other
DABUR,Fast Moving Consumer Goods
DALBHARAT,Construction Materials
DALMIASUG,SmallCap/Other
DAMCAPITAL,SmallCap/Other
DAMODARIND,SmallCap/Other
DANGEE,SmallCap/Other
DATAMATICS,SmallCap/Other
DATAPATTNS,Capital Goods
DAVANGERE,SmallCap/Other
DBCORP,SmallCap/Other
DBEIL,SmallCap/Other
DBL,SmallCap/Other
DBOL,SmallCap/Other
DBREALTY,SmallCap/Other
DBSTOCKBRO,SmallCap/Other
DCAL,SmallCap/Other
DCBBANK,SmallCap/Other
DCI,SmallCap/Other
DCM,SmallCap/Other
DCMFINSERV,SmallCap/Other
DCMNVL,SmallCap/Other
DCMSHRIRAM,Diversified
DCMSIL,SmallCap/Other
DCMSRIND,SmallCap/Other
DCW,SmallCap/Other
DCXINDIA,SmallCap/Other
DDEVPLSTIK,SmallCap/Other
DECCANCE,SmallCap/Other
DEEDEV,SmallCap/Other
DEEPAKFERT,Chemicals
DEEPAKNTR,Chemicals
DEEPINDS,SmallCap/Other
DELHIVERY,Services
DELPHIFX,SmallCap/Other
DELTACORP,SmallCap/Other
DELTAMAGNT,SmallCap/Other
DEN,SmallCap/Other
DENORA,SmallCap/Other
DENTA,SmallCap/Other
DEVIT,SmallCap/Other
DEVX,SmallCap/Other
DEVYANI,Consumer Services
DGCONTENT,SmallCap/Other
DHAMPURSUG,SmallCap/Other
DHANBANK,SmallCap/Other
DHANUKA,SmallCap/Other
DHARAN,SmallCap/Other
DHARMAJ,SmallCap/Other
DHRUV,SmallCap/Other
DHUNINV,SmallCap/Other
DIACABS,SmallCap/Other
DIAMINESQ,SmallCap/Other
DIAMONDYD,SmallCap/Other
DICIND,SmallCap/Other
DIFFNKG,SmallCap/Other
DIGIDRIVE,SmallCap/Other
DIGISPICE,SmallCap/Other
DIGITIDE,SmallCap/Other
DIGJAMLMTD,SmallCap/Other
DISHTV,SmallCap/Other
DIVGIITTS,SmallCap/Other
DIVISLAB,Healthcare
DIXON,Consumer Durables
DJML,SmallCap/Other
DLF,Realty
DLINKINDIA,SmallCap/Other
DMART,Consumer Services
DMCC,SmallCap/Other
DNAMEDIA,SmallCap/Other
DODLA,SmallCap/Other
DOLATALGO,SmallCap/Other
DOLLAR,SmallCap/Other
DOLPHIN,SmallCap/Other
DOMS,Fast Moving Consumer Goods
DONEAR,SmallCap/Other
DPABHUSHAN,SmallCap/Other
DPSCLTD,SmallCap/Other
DPWIRES,SmallCap/Other
DRCSYSTEMS,SmallCap/Other
DREAMFOLKS,SmallCap/Other
DREDGECORP,SmallCap/Other
DRREDDY,Healthcare
DSFCL,SmallCap/Other
DSSL,SmallCap/Other
DTIL,SmallCap/Other
DUCON,SmallCap/Other
DVL,SmallCap/Other
DWARKESH,SmallCap/Other
DYCL,SmallCap/Other
DYNAMATECH,SmallCap/Other
DYNPRO,SmallCap/Other
E2E,SmallCap/Other
EASEMYTRIP,SmallCap/Other
EASTSILK,SmallCap/Other
EBGNG,SmallCap/Other
ECLERX,Services
ECOSMOBLTY,SmallCap/Other
EDELWEISS,SmallCap/Other
EFCIL,SmallCap/Other
EICHERMOT,Automobile and Auto Components
EIDPARRY,Fast Moving Consumer Goods
EIEL,SmallCap/Other
EIFFL,SmallCap/Other
EIHAHOTELS,SmallCap/Other
EIHOTEL,Consumer Services
EIMCOELECO,SmallCap/Other
EKC,SmallCap/Other
ELDEHSG,SmallCap/Other
ELECON,Capital Goods
ELECTCAST,SmallCap/Other
ELECTHERM,SmallCap/Other
ELGIEQUIP,Capital Goods
ELGIRUBCO,SmallCap/Other
ELIN,SmallCap/Other
ELLEN,SmallCap/Other
EMAMILTD,Fast Moving Consumer Goods
EMAMIPAP,SmallCap/Other
EMAMIREAL,SmallCap/Other
EMBDL,SmallCap/Other
EMCURE,Healthcare
EMIL,SmallCap/Other
EMKAY,SmallCap/Other
EMMBI,SmallCap/Other
EMMVEE,Capital Goods
EMSLIMITED,SmallCap/Other
EMUDHRA,SmallCap/Other
ENDURANCE,Automobile and Auto Components
ENERGYDEV,SmallCap/Other
ENGINERSIN,Construction
ENIL,SmallCap/Other
ENRIN,Capital Goods
ENTERO,SmallCap/Other
EPACK,SmallCap/Other
EPACKPEB,SmallCap/Other
EPIGRAL,SmallCap/Other
EPL,SmallCap/Other
EQUIPPP,SmallCap/Other
EQUITASBNK,SmallCap/Other
ERIS,Healthcare
ESABINDIA,SmallCap/Other
ESAFSFB,SmallCap/Other
ESCORTS,Capital Goods
ESSARSHPNG,SmallCap/Other
ESSENTIA,SmallCap/Other
ESTER,SmallCap/Other
ETERNAL,Consumer Services
ETHOSLTD,SmallCap/Other
EUREKAFORB,SmallCap/Other
EUROBOND,SmallCap/Other
EUROPRATIK,SmallCap/Other
EUROTEXIND,SmallCap/Other
EVEREADY,SmallCap/Other
EVERESTIND,SmallCap/Other
EXCELINDUS,SmallCap/Other
EXCELSOFT,SmallCap/Other
EXICOM,SmallCap/Other
EXIDEIND,Automobile and Auto Components
EXPLEOSOL,SmallCap/Other
EXXARO,SmallCap/Other
FABTECH,SmallCap/Other
FACT,Chemicals
FAIRCHEMOR,SmallCap/Other
FAZE3Q,SmallCap/Other
FCL,SmallCap/Other
FCSSOFT,SmallCap/Other
FDC,SmallCap/Other
FEDERALBNK,Financial Services
FEDFINA,SmallCap/Other
FEL,SmallCap/Other
FELDVR,SmallCap/Other
FIBERWEB,SmallCap/Other
FIEMIND,SmallCap/Other
FILATEX,SmallCap/Other
FILATFASH,SmallCap/Other
FINCABLES,Capital Goods
FINEORG,SmallCap/Other
FINKURVE,SmallCap/Other
FINOPB,SmallCap/Other
FINPIPE,SmallCap/Other
FIRSTCRY,Consumer Services
FISCHER,SmallCap/Other
FIVESTAR,Financial Services
FLAIR,SmallCap/Other
FLEXITUFF,SmallCap/Other
FLFL,SmallCap/Other
FLUOROCHEM,Chemicals
FMGOETZE,SmallCap/Other
FMNL,SmallCap/Other
FOCUS,SmallCap/Other
FOODSIN,SmallCap/Other
FORCEMOT,Automobile and Auto Components
FORTIS,Healthcare
FOSECOIND,SmallCap/Other
FRACTAL,SmallCap/Other
FSL,Services
FUSION,SmallCap/Other
GABRIEL,Automobile and Auto Components
GAEL,SmallCap/Other
GAIL,Oil Gas & Consumable Fuels
GALAPREC,SmallCap/Other
GALAXYSURF,SmallCap/Other
GALLANTT,Capital Goods
GANDHAR,SmallCap/Other
GANDHITUBE,SmallCap/Other
GANECOS,SmallCap/Other
GANESHBE,SmallCap/Other
GANESHCP,SmallCap/Other
GANESHHOU,SmallCap/Other
GANGAFORGE,SmallCap/Other
GANGESSECU,SmallCap/Other
GARFIBRES,SmallCap/Other
GARUDA,SmallCap/Other
GATECH,SmallCap/Other
GATECHDVR,SmallCap/Other
GATEWAY,SmallCap/Other
GAUDIUMIVF,SmallCap/Other
GAYAHWS,SmallCap/Other
GCSL,SmallCap/Other
GEECEE,SmallCap/Other
GEEKAYWIRE,SmallCap/Other
GEMAROMA,SmallCap/Other
GENCON,SmallCap/Other
GENESYS,SmallCap/Other
GENSOL,SmallCap/Other
GENUSPAPER,SmallCap/Other
GENUSPOWER,SmallCap/Other
GEOJITFSL,SmallCap/Other
GESHIP,Services
GFLLIMITED,SmallCap/Other
GHCL,SmallCap/Other
GHCLTEXTIL,SmallCap/Other
GICHSGFIN,SmallCap/Other
GICL,SmallCap/Other
GICRE,Financial Services
GILLANDERS,SmallCap/Other
GILLETTE,Fast Moving Consumer Goods
GINNIFILA,SmallCap/Other
GIPCL,SmallCap/Other
GKENERGY,SmallCap/Other
GKSL,SmallCap/Other
GKWLIMITED,SmallCap/Other
GLAND,Healthcare
GLAXO,Healthcare
GLENMARK,Healthcare
GLFL,SmallCap/Other
GLOBAL,SmallCap/Other
GLOBALE,SmallCap/Other
GLOBALVECT,SmallCap/Other
GLOBE,SmallCap/Other
GLOBECIVIL,SmallCap/Other
GLOBUSSPR,SmallCap/Other
GLOSTERLTD,SmallCap/Other
GLOTTIS,SmallCap/Other
GMBREW,SmallCap/Other
GMDCLTD,Metals & Mining
GMMPFAUDLR,SmallCap/Other
GMRAIRPORT,Services
GMRP&UI,SmallCap/Other
GNA,SmallCap/Other
GNFC,SmallCap/Other
GOACARBON,SmallCap/Other
GOCLCORP,SmallCap/Other
GOCOLORS,SmallCap/Other
GODAVARIB,SmallCap/Other
GODFRYPHLP,Fast Moving Consumer Goods
GODIGIT,Financial Services
GODREJAGRO,SmallCap/Other
GODREJCP,Fast Moving Consumer Goods
GODREJIND,Diversified
GODREJPROP,Realty
GOKEX,SmallCap/Other
GOKUL,SmallCap/Other
GOKULAGRO,SmallCap/Other
GOLDENTOBC,SmallCap/Other
GOLDIAM,SmallCap/Other
GOLDTECH,SmallCap/Other
GOODLUCK,SmallCap/Other
GOPAL,SmallCap/Other
GOYALALUM,SmallCap/Other
GPIL,Capital Goods
GPPL,SmallCap/Other
GPTHEALTH,SmallCap/Other
GPTINFRA,SmallCap/Other
GRANULES,Healthcare
GRAPHITE,Capital Goods
GRASIM,Construction Materials
GRAVITA,Metals & Mining
GREAVESCOT,SmallCap/Other
GREENLAM,SmallCap/Other
GREENPANEL,SmallCap/Other
GREENPLY,SmallCap/Other
GREENPOWER,SmallCap/Other
GRINDWELL,SmallCap/Other
GRINFRA,SmallCap/Other
GRMOVER,SmallCap/Other
GROBTEA,SmallCap/Other
GROWW,Financial Services
GRPLTD,SmallCap/Other
GRSE,Capital Goods
GRWRHITECH,SmallCap/Other
GSFC,SmallCap/Other
GSLSU,SmallCap/Other
GSPCROP,SmallCap/Other
GSPL,Oil Gas & Consumable Fuels
GSS,SmallCap/Other
GTECJAINX,SmallCap/Other
GTL,SmallCap/Other
GTLINFRA,SmallCap/Other
GTPL,SmallCap/Other
GUFICBIO,SmallCap/Other
GUJALKALI,SmallCap/Other
GUJAPOLLO,SmallCap/Other
GUJGASLTD,SmallCap/Other
GUJRAFFIA,SmallCap/Other
GUJTHEM,SmallCap/Other
GULFOILLUB,SmallCap/Other
GULFPETRO,SmallCap/Other
GULPOLY,SmallCap/Other
GVKPIL,SmallCap/Other
GVPIL,SmallCap/Other
GVPTECH,SmallCap/Other
GVT&D,Capital Goods
HAL,Capital Goods
HALDER,SmallCap/Other
HALEOSLABS,SmallCap/Other
HAPPSTMNDS,SmallCap/Other
HAPPYFORGE,SmallCap/Other
HARDWYN,SmallCap/Other
HARIOMPIPE,SmallCap/Other
HARRMALAYA,SmallCap/Other
HARSHA,SmallCap/Other
HATHWAY,SmallCap/Other
HATSUN,SmallCap/Other
HAVELLS,Consumer Durables
HAVISHA,SmallCap/Other
HBLENGINE,Capital Goods
HBSL,SmallCap/Other
HCC,SmallCap/Other
HCG,SmallCap/Other
HCL-INSYS,SmallCap/Other
HCLTECH,Information Technology
HDBFS,Financial Services
HDFCAMC,Financial Services
HDFCBANK,Financial Services
HDFCLIFE,Financial Services
HDIL,SmallCap/Other
HEADSUP,SmallCap/Other
HECPROJECT,SmallCap/Other
HEG,Capital Goods
HEIDELBERG,SmallCap/Other
HEMIPROP,SmallCap/Other
HERANBA,SmallCap/Other
HERITGFOOD,SmallCap/Other
HEROMOTOCO,Automobile and Auto Components
HESTERBIO,SmallCap/Other
HEXATRADEX,SmallCap/Other
HEXT,Information Technology
HFCL,Telecommunication
HGINFRA,SmallCap/Other
HGM,SmallCap/Other
HGS,SmallCap/Other
HIKAL,SmallCap/Other
HILINFRA,SmallCap/Other
HILTON,SmallCap/Other
HIMATSEIDE,SmallCap/Other
HINDALCO,Metals & Mining
HINDCOMPOS,SmallCap/Other
HINDCON,SmallCap/Other
HINDCOPPER,Metals & Mining
HINDOILEXP,SmallCap/Other
HINDPETRO,Oil Gas & Consumable Fuels
HINDUNILVR,Fast Moving Consumer Goods
HINDWAREAP,SmallCap/Other
HINDZINC,Metals & Mining
HIRECT,SmallCap/Other
HISARMETAL,SmallCap/Other
HITECH,SmallCap/Other
HITECHCORP,SmallCap/Other
HITECHGEAR,SmallCap/Other
HLEGLAS,SmallCap/Other
HLVLTD,SmallCap/Other
HMAAGRO,SmallCap/Other
HMT,SmallCap/Other
HMVL,SmallCap/Other
HNDFDS,SmallCap/Other
HOMEFIRST,Financial Services
HONASA,Fast Moving Consumer Goods
HONAUT,Capital Goods
HONDAPOWER,SmallCap/Other
HPAL,SmallCap/Other
HPIL,SmallCap/Other
HPL,SmallCap/Other
HSCL,Chemicals
HTMEDIA,SmallCap/Other
HUBTOWN,SmallCap/Other
HUDCO,Financial Services
HUHTAMAKI,SmallCap/Other
HYBRIDFIN,SmallCap/Other
HYUNDAI,Automobile and Auto Components
IBULLSLTD,SmallCap/Other
ICDSLTD,SmallCap/Other
ICEMAKE,SmallCap/Other
ICICIAMC,Financial Services
ICICIBANK,Financial Services
ICICIGI,Financial Services
ICICIPRULI,Financial Services
ICIL,SmallCap/Other
ICRA,SmallCap/Other
IDBI,Financial Services
IDEA,Telecommunication
IDEAFORGE,SmallCap/Other
IDFCFIRSTB,Financial Services
IEX,Financial Services
IFBAGRO,SmallCap/Other
IFBIND,SmallCap/Other
IFCI,Financial Services
IFGLEXPOR,SmallCap/Other
IGARASHI,SmallCap/Other
IGCL,SmallCap/Other
IGIL,Services
IGL,Oil Gas & Consumable Fuels
IGPL,SmallCap/Other
IIFL,Financial Services
IIFLCAPS,SmallCap/Other
IITL,SmallCap/Other
IKIO,SmallCap/Other
IKS,Information Technology
IL&FSENGG,SmallCap/Other
IL&FSTRANS,SmallCap/Other
IMAGICAA,SmallCap/Other
IMFA,SmallCap/Other
IMPAL,SmallCap/Other
IMPEXFERRO,SmallCap/Other
INA,SmallCap/Other
INCREDIBLE,SmallCap/Other
INDBANK,SmallCap/Other
INDGN,Healthcare
INDHOTEL,Consumer Services
INDIACEM,Construction Materials
INDIAGLYCO,SmallCap/Other
INDIAMART,Consumer Services
INDIANB,Financial Services
INDIANCARD,SmallCap/Other
INDIANHUME,SmallCap/Other
INDIASHLTR,SmallCap/Other
INDIGO,Services
INDIGOPNTS,SmallCap/Other
INDIQUBE,SmallCap/Other
INDNIPPON,SmallCap/Other
INDOAMIN,SmallCap/Other
INDOBORAX,SmallCap/Other
INDOCO,SmallCap/Other
INDOFARM,SmallCap/Other
INDORAMA,SmallCap/Other
INDOSTAR,SmallCap/Other
INDOTECH,SmallCap/Other
INDOTHAI,SmallCap/Other
INDOUS,SmallCap/Other
INDOWIND,SmallCap/Other
INDRAMEDCO,SmallCap/Other
INDSWFTLAB,SmallCap/Other
INDTERRAIN,SmallCap/Other
INDUSINDBK,Financial Services
INDUSTOWER,Telecommunication
INFOBEAN,SmallCap/Other
INFOMEDIA,SmallCap/Other
INFY,Information Technology
INGERRAND,SmallCap/Other
INNOVACAP,SmallCap/Other
INNOVANA,SmallCap/Other
INNOVISION,SmallCap/Other
INOXGREEN,SmallCap/Other
INOXINDIA,SmallCap/Other
INOXWIND,Capital Goods
INSECTICID,SmallCap/Other
INSPIRISYS,SmallCap/Other
INTELLECT,Information Technology
INTENTECH,SmallCap/Other
INTERARCH,SmallCap/Other
INTLCONV,SmallCap/Other
INVENTURE,SmallCap/Other
IOB,Financial Services
IOC,Oil Gas & Consumable Fuels
IOLCP,SmallCap/Other
IONEXCHANG,SmallCap/Other
IPCALAB,Healthcare
IPL,SmallCap/Other
IRB,Construction
IRCON,Construction
IRCTC,Consumer Services
IREDA,Financial Services
IRFC,Financial Services
IRIS,SmallCap/Other
IRISDOREME,SmallCap/Other
IRMENERGY,SmallCap/Other
ISFT,SmallCap/Other
ISGEC,SmallCap/Other
ISHANCH,SmallCap/Other
ITC,Fast Moving Consumer Goods
ITCHOTELS,Consumer Services
ITDC,SmallCap/Other
ITI,Telecommunication
IVALUE,SmallCap/Other
IVC,SmallCap/Other
IVP,SmallCap/Other
IXIGO,SmallCap/Other
IZMO,SmallCap/Other
J&KBANK,Financial Services
JAGRAN,SmallCap/Other
JAGSNPHARM,SmallCap/Other
JAIBALAJI,SmallCap/Other
JAICORPLTD,SmallCap/Other
JAINREC,Metals & Mining
JAIPURKURT,SmallCap/Other
JAMNAAUTO,SmallCap/Other
JARO,SmallCap/Other
JASH,SmallCap/Other
JAYAGROGN,SmallCap/Other
JAYBARMARU,SmallCap/Other
JAYKAY,SmallCap/Other
JAYNECOIND,SmallCap/Other
JAYSREETEA,SmallCap/Other
JBCHEPHARM,Healthcare
JBMA,Automobile and Auto Components
JETFREIGHT,SmallCap/Other
JGCHEM,SmallCap/Other
JHS,SmallCap/Other
JINDALPHOT,SmallCap/Other
JINDALPOLY,SmallCap/Other
JINDALSAW,Capital Goods
JINDALSTEL,Metals & Mining
JINDRILL,SmallCap/Other
JINDWORLD,SmallCap/Other
JIOFIN,Financial Services
JISLDVREQS,SmallCap/Other
JISLJALEQS,SmallCap/Other
JITFINFRA,SmallCap/Other
JKCEMENT,Construction Materials
JKIL,SmallCap/Other
JKIPL,SmallCap/Other
JKLAKSHMI,SmallCap/Other
JKPAPER,SmallCap/Other
JKTYRE,Automobile and Auto Components
JLHL,SmallCap/Other
JMA,SmallCap/Other
JMFINANCIL,Financial Services
JNKINDIA,SmallCap/Other
JOCIL,SmallCap/Other
JPOLYINVST,SmallCap/Other
JPPOWER,Power
JSFB,SmallCap/Other
JSL,Metals & Mining
JSLL,SmallCap/Other
JSWCEMENT,Construction Materials
JSWENERGY,Power
JSWHL,SmallCap/Other
JSWINFRA,Services
JSWSTEEL,Metals & Mining
JTEKTINDIA,SmallCap/Other
JTLIND,SmallCap/Other
JUBLCPL,SmallCap/Other
JUBLFOOD,Consumer Services
JUBLINGREA,Chemicals
JUBLPHARMA,Healthcare
JUNIPER,SmallCap/Other
JUSTDIAL,SmallCap/Other
JWL,Capital Goods
JYOTHYLAB,SmallCap/Other
JYOTICNC,Capital Goods
JYOTISTRUC,SmallCap/Other
KABRAEXTRU,SmallCap/Other
KAJARIACER,Consumer Durables
KAKATCEM,SmallCap/Other
KALAMANDIR,SmallCap/Other
KALPATARU,SmallCap/Other
KALYANI,SmallCap/Other
KALYANIFRG,SmallCap/Other
KALYANKJIL,Consumer Durables
KAMATHOTEL,SmallCap/Other
KAMDHENU,SmallCap/Other
KAMOPAINTS,SmallCap/Other
KANANIIND,SmallCap/Other
KANORICHEM,SmallCap/Other
KANPRPLA,SmallCap/Other
KANSAINER,SmallCap/Other
KAPSTON,SmallCap/Other
KARMAENG,SmallCap/Other
KARURVYSYA,Financial Services
KAUSHALYA,SmallCap/Other
KAVDEFENCE,SmallCap/Other
KAYA,SmallCap/Other
KAYNES,Capital Goods
KCP,SmallCap/Other
KCPSUGIND,SmallCap/Other
KDDL,SmallCap/Other
KEC,Construction
KECL,SmallCap/Other
KEEPLEARN,SmallCap/Other
KEI,Capital Goods
KELLTONTEC,SmallCap/Other
KERNEX,SmallCap/Other
KESORAMIND,SmallCap/Other
KEYFINSERV,SmallCap/Other
KFINTECH,Financial Services
KHADIM,SmallCap/Other
KHAICHEM,SmallCap/Other
KHAITANLTD,SmallCap/Other
KHANDSE,SmallCap/Other
KICL,SmallCap/Other
KILITCH,SmallCap/Other
KIMS,Healthcare
KINGFA,SmallCap/Other
KIOCL,SmallCap/Other
KIRIINDUS,SmallCap/Other
KIRLOSBROS,SmallCap/Other
KIRLOSENG,Capital Goods
KIRLOSIND,SmallCap/Other
KIRLPNU,SmallCap/Other
KITEX,SmallCap/Other
KKCL,SmallCap/Other
KMEW,SmallCap/Other
KMSUGAR,SmallCap/Other
KNAGRI,SmallCap/Other
KNRCON,SmallCap/Other
KOHINOOR,SmallCap/Other
KOKUYOCMLN,SmallCap/Other
KOLTEPATIL,SmallCap/Other
KOPRAN,SmallCap/Other
KOTAKBANK,Financial Services
KOTARISUG,SmallCap/Other
KOTHARIPET,SmallCap/Other
KOTHARIPRO,SmallCap/Other
KOTYARK,SmallCap/Other
KPEL,SmallCap/Other
KPIGREEN,SmallCap/Other
KPIL,Construction
KPITTECH,Information Technology
KPRMILL,Textiles
KRBL,SmallCap/Other
KREBSBIO,SmallCap/Other
KRIDHANINF,SmallCap/Other
KRISHANA,SmallCap/Other
KRISHIVAL,SmallCap/Other
KRISHNADEF,SmallCap/Other
KRITI,SmallCap/Other
KRITIKA,SmallCap/Other
KRITINUT,SmallCap/Other
KRN,SmallCap/Other
KRONOX,SmallCap/Other
KROSS,SmallCap/Other
KRSNAA,SmallCap/Other
KRYSTAL,SmallCap/Other
KSB,SmallCap/Other
KSCL,SmallCap/Other
KSHINTL,SmallCap/Other
KSHITIJPOL,SmallCap/Other
KSL,SmallCap/Other
KSOLVES,SmallCap/Other
KSR,SmallCap/Other
KTKBANK,SmallCap/Other
KUANTUM,SmallCap/Other
KWIL,SmallCap/Other
LAGNAM,SmallCap/Other
LAKPRE,SmallCap/Other
LAL,SmallCap/Other
LALPATHLAB,Healthcare
LAMBODHARA,SmallCap/Other
LANCORHOL,SmallCap/Other
LANDMARK,SmallCap/Other
LANDSMILL,SmallCap/Other
LAOPALA,SmallCap/Other
LASA,SmallCap/Other
LATENTVIEW,Information Technology
LATTEYS,SmallCap/Other
LAURUSLABS,Healthcare
LAXMICOT,SmallCap/Other
LAXMIDENTL,SmallCap/Other
LAXMIINDIA,SmallCap/Other
LCCINFOTEC,SmallCap/Other
LEMERITE,SmallCap/Other
LEMONTREE,Consumer Services
LENSKART,Consumer Services
LEXUS,SmallCap/Other
LFIC,SmallCap/Other
LGBBROSLTD,SmallCap/Other
LGEINDIA,Consumer Durables
LGHL,SmallCap/Other
LIBAS,SmallCap/Other
LIBERTSHOE,SmallCap/Other
LICHSGFIN,Financial Services
LICI,Financial Services
LIKHITHA,SmallCap/Other
LINC,SmallCap/Other
LINCOLN,SmallCap/Other
LINDEINDIA,Chemicals
LLOYDSENGG,SmallCap/Other
LLOYDSENT,SmallCap/Other
LLOYDSME,Metals & Mining
LMW,SmallCap/Other
LODHA,Realty
LOKESHMACH,SmallCap/Other
LORDSCHLO,SmallCap/Other
LOTUSDEV,SmallCap/Other
LOTUSEYE,SmallCap/Other
LOVABLE,SmallCap/Other
LOYALTEX,SmallCap/Other
LPDC,SmallCap/Other
LT,Construction
LTF,Financial Services
LTFOODS,Fast Moving Consumer Goods
LTM,Information Technology
LTTS,Information Technology
LUMAXIND,SmallCap/Other
LUMAXTECH,SmallCap/Other
LUPIN,Healthcare
LUXIND,SmallCap/Other
LXCHEM,SmallCap/Other
LYKALABS,SmallCap/Other
LYPSAGEMS,SmallCap/Other
M&M,Automobile and Auto Components
M&MFIN,Financial Services
MAANALU,SmallCap/Other
MACPOWER,SmallCap/Other
MADHAV,SmallCap/Other
MADHUCON,SmallCap/Other
MADRASFERT,SmallCap/Other
MAGADSUGAR,SmallCap/Other
MAGNUM,SmallCap/Other
MAHABANK,Financial Services
MAHAPE-RE,SmallCap/Other
MAHAPEXLTD,SmallCap/Other
MAHASTEEL,SmallCap/Other
MAHEPC,SmallCap/Other
MAHESHWARI,SmallCap/Other
MAHLIFE,SmallCap/Other
MAHLOG,SmallCap/Other
MAHSCOOTER,SmallCap/Other
MAHSEAMLES,SmallCap/Other
MAITHANALL,SmallCap/Other
MALLCOM,SmallCap/Other
MALUPAPER,SmallCap/Other
MAMATA,SmallCap/Other
MANAKALUCO,SmallCap/Other
MANAKCOAT,SmallCap/Other
MANAKSIA,SmallCap/Other
MANAKSTEEL,SmallCap/Other
MANALIPETC,SmallCap/Other
MANAPPURAM,Financial Services
MANBA,SmallCap/Other
MANCREDIT,SmallCap/Other
MANGALAM,SmallCap/Other
MANGLMCEM,SmallCap/Other
MANINDS,SmallCap/Other
MANINFRA,SmallCap/Other
MANKIND,Healthcare
MANOMAY,SmallCap/Other
MANORAMA,SmallCap/Other
MANORG,SmallCap/Other
MANUGRAPH,SmallCap/Other
MANYAVAR,SmallCap/Other
MAPMYINDIA,Information Technology
MARALOVER,SmallCap/Other
MARATHON,SmallCap/Other
MARICO,Fast Moving Consumer Goods
MARINE,SmallCap/Other
MARKOLINES,SmallCap/Other
MARKSANS,SmallCap/Other
MARSONS,SmallCap/Other
MARUTI,Automobile and Auto Components
MASFIN,SmallCap/Other
MASKINVEST,SmallCap/Other
MASTEK,SmallCap/Other
MASTERTR,SmallCap/Other
MATRIMONY,SmallCap/Other
MAWANASUG,SmallCap/Other
MAXESTATES,SmallCap/Other
MAXHEALTH,Healthcare
MAXIND,SmallCap/Other
MAYURUNIQ,SmallCap/Other
MAZDA,SmallCap/Other
MAZDOCK,Capital Goods
MBAPL,SmallCap/Other
MBEL,SmallCap/Other
MBLINFRA,SmallCap/Other
MCL,SmallCap/Other
MCLEODRUSS,SmallCap/Other
MCLOUD,SmallCap/Other
MCX,Financial Services
MEDANTA,Healthcare
MEDIASSIST,SmallCap/Other
MEDICAMEQ,SmallCap/Other
MEDICO,SmallCap/Other
MEDPLUS,SmallCap/Other
MEESHO,Consumer Services
MEGASTAR,SmallCap/Other
MEIL,SmallCap/Other
MENONBE,SmallCap/Other
MEP,SmallCap/Other
METROBRAND,SmallCap/Other
METROPOLIS,SmallCap/Other
MFML,SmallCap/Other
MFSL,Financial Services
MGEL,SmallCap/Other
MGL,Oil Gas & Consumable Fuels
MHLXMIRU,SmallCap/Other
MHRIL,SmallCap/Other
MICEL,SmallCap/Other
MIDHANI,SmallCap/Other
MIDWESTLTD,SmallCap/Other
MINDACORP,Automobile and Auto Components
MINDTECK,SmallCap/Other
MIRCELECTR,SmallCap/Other
MIRZAINT,SmallCap/Other
MITCON,SmallCap/Other
MITTAL,SmallCap/Other
MKPL,SmallCap/Other
MMFL,SmallCap/Other
MMP,SmallCap/Other
MMTC,Services
MOBIKWIK,SmallCap/Other
MODINATUR,SmallCap/Other
MODIRUBBER,SmallCap/Other
MODIS,SmallCap/Other
MODISONLTD,SmallCap/Other
MODTHREAD,SmallCap/Other
MOHITIND,SmallCap/Other
MOIL,SmallCap/Other
MOKSH,SmallCap/Other
MOL,SmallCap/Other
MOLDTECH,SmallCap/Other
MOLDTKPAC,SmallCap/Other
MONARCH,SmallCap/Other
MONEYBOXX,SmallCap/Other
MONTECARLO,SmallCap/Other
MORARJEE,SmallCap/Other
MOREPENLAB,SmallCap/Other
MOSCHIP,SmallCap/Other
MOTHERSON,Automobile and Auto Components
MOTILALOFS,Financial Services
MOTISONS,SmallCap/Other
MOTOGENFIN,SmallCap/Other
MPHASIS,Information Technology
MPSLTD,SmallCap/Other
MRF,Automobile and Auto Components
MRPL,Oil Gas & Consumable Fuels
MSPL,SmallCap/Other
MSTCLTD,SmallCap/Other
MSUMI,Automobile and Auto Components
MTARTECH,SmallCap/Other
MTEDUCARE,SmallCap/Other
MTNL,SmallCap/Other
MUFIN,SmallCap/Other
MUFTI,SmallCap/Other
MUKANDLTD,SmallCap/Other
MUKKA,SmallCap/Other
MUKTAARTS,SmallCap/Other
MUNJALAU,SmallCap/Other
MUNJALSHOW,SmallCap/Other
MURUDCERA,SmallCap/Other
MUTHOOTCAP,SmallCap/Other
MUTHOOTFIN,Financial Services
MUTHOOTMF,SmallCap/Other
MVGJL,SmallCap/Other
MWL,SmallCap/Other
NACLIND,SmallCap/Other
NAGAFERT,SmallCap/Other
NAGREEKCAP,SmallCap/Other
NAGREEKEXP,SmallCap/Other
NAHARCAP,SmallCap/Other
NAHARINDUS,SmallCap/Other
NAHARPOLY,SmallCap/Other
NAHARSPING,SmallCap/Other
NAM-INDIA,Financial Services
NARMADA,SmallCap/Other
NATCAPSUQ,SmallCap/Other
NATCOPHARM,Healthcare
NATHBIOGEN,SmallCap/Other
NATIONALUM,Metals & Mining
NAUKRI,Consumer Services
NAVA,Power
NAVINFLUOR,Chemicals
NAVKARCORP,SmallCap/Other
NAVKARURB,SmallCap/Other
NAVNETEDUL,SmallCap/Other
NAZARA,SmallCap/Other
NBCC,Construction
NBIFIN,SmallCap/Other
NCC,Construction
NCLIND,SmallCap/Other
NDGL,SmallCap/Other
NDL,SmallCap/Other
NDLVENTURE,SmallCap/Other
NDRAUTO,SmallCap/Other
NDTV,SmallCap/Other
NECCLTD,SmallCap/Other
NECLIFE,SmallCap/Other
NELCAST,SmallCap/Other
NELCO,SmallCap/Other
NEOGEN,SmallCap/Other
NEPHROPLUS,SmallCap/Other
NESCO,SmallCap/Other
NESTLEIND,Fast Moving Consumer Goods
NETWEB,Information Technology
NETWORK18,SmallCap/Other
NEULANDLAB,Healthcare
NEWGEN,Information Technology
NEXTMEDIA,SmallCap/Other
NFL,SmallCap/Other
NGIL,SmallCap/Other
NGLFINE,SmallCap/Other
NH,Healthcare
NHPC,Power
NIACL,Financial Services
NIBE,SmallCap/Other
NIBL,SmallCap/Other
NIITLTD,SmallCap/Other
NIITMTS,SmallCap/Other
NILAINFRA,SmallCap/Other
NILASPACES,SmallCap/Other
NILKAMAL,SmallCap/Other
NIMBSPROJ,SmallCap/Other
NINSYS,SmallCap/Other
NIPPOBATRY,SmallCap/Other
NIRAJ,SmallCap/Other
NIRAJISPAT,SmallCap/Other
NITCO,SmallCap/Other
NITINSPIN,SmallCap/Other
NITIRAJ,SmallCap/Other
NIVABUPA,Financial Services
NKIND,SmallCap/Other
NLCINDIA,Power
NMDC,Metals & Mining
NOCIL,SmallCap/Other
NOIDATOLL,SmallCap/Other
NORBTEAEXP,SmallCap/Other
NORTHARC,SmallCap/Other
NOVAAGRI,SmallCap/Other
NPST,SmallCap/Other
NRAIL,SmallCap/Other
NRBBEARING,SmallCap/Other
NRL,SmallCap/Other
NSIL,SmallCap/Other
NSLNISP,Metals & Mining
NTPC,Power
NTPCGREEN,Power
NUCLEUS,SmallCap/Other
NURECA,SmallCap/Other
NUVAMA,Financial Services
NUVOCO,Construction Materials
NYKAA,Consumer Services
OAL,SmallCap/Other
OBCL,SmallCap/Other
OBEROIRLTY,Realty
OCCLLTD,SmallCap/Other
ODIGMA,SmallCap/Other
OFSS,Information Technology
OIL,Oil Gas & Consumable Fuels
OILCOUNTUB,SmallCap/Other
OLAELEC,Automobile and Auto Components
OLECTRA,Automobile and Auto Components
OMAXAUTO,SmallCap/Other
OMAXE,SmallCap/Other
OMFREIGHT,SmallCap/Other
OMINFRAL,SmallCap/Other
OMKARCHEM,SmallCap/Other
OMNI,SmallCap/Other
ONELIFECAP,SmallCap/Other
ONEPOINT,SmallCap/Other
ONESOURCE,Healthcare
ONGC,Oil Gas & Consumable Fuels
ONMOBILE,SmallCap/Other
ONWARDTEC,SmallCap/Other
OPTIEMUS,SmallCap/Other
ORBTEXP,SmallCap/Other
ORCHASP,SmallCap/Other
ORCHPHARMA,SmallCap/Other
ORICONENT,SmallCap/Other
ORIENTALTL,SmallCap/Other
ORIENTBELL,SmallCap/Other
ORIENTCEM,SmallCap/Other
ORIENTCER,SmallCap/Other
ORIENTELEC,SmallCap/Other
ORIENTHOT,SmallCap/Other
ORIENTLTD,SmallCap/Other
ORIENTPPR,SmallCap/Other
ORIENTTECH,SmallCap/Other
ORISSAMINE,SmallCap/Other
ORKLAINDIA,SmallCap/Other
ORTEL,SmallCap/Other
ORTINGLOBE,SmallCap/Other
OSIAHYPER,SmallCap/Other
OSWALAGRO,SmallCap/Other
OSWALGREEN,SmallCap/Other
OSWALPUMPS,SmallCap/Other
OSWALSEEDS,SmallCap/Other
PACEDIGITK,SmallCap/Other
PAGEIND,Textiles
PAISALO,SmallCap/Other
PAKKA,SmallCap/Other
PALASHSECU,SmallCap/Other
PALREDTEC,SmallCap/Other
PANACEABIO,SmallCap/Other
PANACHE,SmallCap/Other
PANAMAPET,SmallCap/Other
PANSARI,SmallCap/Other
PAR,SmallCap/Other
PARACABLES,SmallCap/Other
PARADEEP,Chemicals
PARAGMILK,SmallCap/Other
PARAS,SmallCap/Other
PARASPETRO,SmallCap/Other
PARKHOSPS,SmallCap/Other
PARKHOTELS,SmallCap/Other
PARSVNATH,SmallCap/Other
PASHUPATI,SmallCap/Other
PASUPTAC,SmallCap/Other
PATANJALI,Fast Moving Consumer Goods
PATELENG,SmallCap/Other
PATELRMART,SmallCap/Other
PATINTLOG,SmallCap/Other
PAUSHAKLTD,SmallCap/Other
PAVNAIND,SmallCap/Other
PAYTM,Financial Services
PCBL,Chemicals
PCJEWELLER,SmallCap/Other
PDMJEPAPER,SmallCap/Other
PDSL,SmallCap/Other
PEARLPOLY,SmallCap/Other
PENIND,SmallCap/Other
PENINLAND,SmallCap/Other
PERSISTENT,Information Technology
PETRONET,Oil Gas & Consumable Fuels
PFC,Financial Services
PFIZER,Healthcare
PFOCUS,SmallCap/Other
PFS,SmallCap/Other
PGEL,Consumer Durables
PGHH,SmallCap/Other
PGHL,SmallCap/Other
PGIL,SmallCap/Other
PHOENIXLTD,Realty
PICCADIL,SmallCap/Other
PIDILITIND,Chemicals
PIGL,SmallCap/Other
PIIND,Chemicals
PILANIINVS,SmallCap/Other
PILITA,SmallCap/Other
PINELABS,Financial Services
PIONEEREMB,SmallCap/Other
PIRAMALFIN,Financial Services
PITTIENG,SmallCap/Other
PIXTRANS,SmallCap/Other
PKTEA,SmallCap/Other
PLASTIBLEN,SmallCap/Other
PLATIND,SmallCap/Other
PLAZACABLE,SmallCap/Other
PNB,Financial Services
PNBGILTS,SmallCap/Other
PNBHOUSING,Financial Services
PNC,SmallCap/Other
PNCINFRA,SmallCap/Other
PNGJL,SmallCap/Other
PNGSREVA,SmallCap/Other
POCL,SmallCap/Other
PODDARMENT,SmallCap/Other
POKARNA,SmallCap/Other
POLICYBZR,Financial Services
POLYCAB,Capital Goods
POLYMED,Healthcare
POLYPLEX,SmallCap/Other
PONNIERODE,SmallCap/Other
POONAWALLA,Financial Services
POWERGRID,Power
POWERICA,SmallCap/Other
POWERINDIA,Capital Goods
POWERMECH,SmallCap/Other
PPAP,SmallCap/Other
PPL,SmallCap/Other
PPLPHARMA,Healthcare
PRABHA,SmallCap/Other
PRAENG,SmallCap/Other
PRAJIND,SmallCap/Other
PRAKASH,SmallCap/Other
PRAKASHSTL,SmallCap/Other
PRAXIS,SmallCap/Other
PRECAM,SmallCap/Other
PRECOT,SmallCap/Other
PRECWIRE,SmallCap/Other
PREMEXPLN,SmallCap/Other
PREMIER,SmallCap/Other
PREMIERENE,Capital Goods
PREMIERPOL,SmallCap/Other
PRESTIGE,Realty
PRICOLLTD,SmallCap/Other
PRIMESECU,SmallCap/Other
PRIMO,SmallCap/Other
PRINCEPIPE,SmallCap/Other
PRITI,SmallCap/Other
PRITIKAUTO,SmallCap/Other
PRIVISCL,SmallCap/Other
PROSTARM,SmallCap/Other
PROTEAN,SmallCap/Other
PROZONER,SmallCap/Other
PRSMJOHNSN,SmallCap/Other
PRUDENT,SmallCap/Other
PRUDMOULI,SmallCap/Other
PSB,SmallCap/Other
PSPPROJECT,SmallCap/Other
PTC,SmallCap/Other
PTCIL,Capital Goods
PTL,SmallCap/Other
PUNJABCHEM,SmallCap/Other
PURVA,SmallCap/Other
PVP,SmallCap/Other
PVRINOX,Media Entertainment & Publication
PVSL,SmallCap/Other
PWL,Consumer Services
PYRAMID,SmallCap/Other
QPOWER,SmallCap/Other
QUADFUTURE,SmallCap/Other
QUESS,SmallCap/Other
QUICKHEAL,SmallCap/Other
RACE,SmallCap/Other
RACLGEAR,SmallCap/Other
RADAAN,SmallCap/Other
RADHIKAJWE,SmallCap/Other
RADIANTCMS,SmallCap/Other
RADICO,Fast Moving Consumer Goods
RADIOCITY,SmallCap/Other
RAILTEL,Telecommunication
RAIN,SmallCap/Other
RAINBOW,Healthcare
RAJESHEXPO,SmallCap/Other
RAJMET,SmallCap/Other
RAJOOENG,SmallCap/Other
RAJRATAN,SmallCap/Other
RAJRILTD,SmallCap/Other
RAJSREESUG,SmallCap/Other
RAJTV,SmallCap/Other
RALLIS,SmallCap/Other
RAMANEWS,SmallCap/Other
RAMAPHO,SmallCap/Other
RAMASTEEL,SmallCap/Other
RAMCOCEM,Construction Materials
RAMCOIND,SmallCap/Other
RAMCOSYS,SmallCap/Other
RAMKY,SmallCap/Other
RAMRAT,SmallCap/Other
RANASUG,SmallCap/Other
RANEHOLDIN,SmallCap/Other
RATEGAIN,SmallCap/Other
RATNAMANI,SmallCap/Other
RATNAVEER,SmallCap/Other
RAYMOND,SmallCap/Other
RAYMONDLSL,SmallCap/Other
RAYMONDREL,SmallCap/Other
RBA,SmallCap/Other
RBLBANK,Financial Services
RBZJEWEL,SmallCap/Other
RCF,SmallCap/Other
RCOM,SmallCap/Other
RECLTD,Financial Services
REDINGTON,Services
REDTAPE,SmallCap/Other
REFEX,SmallCap/Other
REGAAL,SmallCap/Other
REGENCERAM,SmallCap/Other
RELAXO,SmallCap/Other
RELCHEMQ,SmallCap/Other
RELIABLE,SmallCap/Other
RELIANCE,Oil Gas & Consumable Fuels
RELIGARE,SmallCap/Other
RELINFRA,SmallCap/Other
RELTD,SmallCap/Other
REMSONSIND,SmallCap/Other
RENUKA,SmallCap/Other
REPCOHOME,SmallCap/Other
REPL,SmallCap/Other
REPRO,SmallCap/Other
RESPONIND,SmallCap/Other
RETAIL,SmallCap/Other
RGL,SmallCap/Other
RHETAN,SmallCap/Other
RHIM,Capital Goods
RHL,SmallCap/Other
RICOAUTO,SmallCap/Other
RIIL,SmallCap/Other
RISHABH,SmallCap/Other
RITCO,SmallCap/Other
RITES,Construction
RKDL,SmallCap/Other
RKEC,SmallCap/Other
RKFORGE,Automobile and Auto Components
RKSWAMY,SmallCap/Other
RMC,SmallCap/Other
RMDRIP,SmallCap/Other
RML,SmallCap/Other
RNBDENIMS,SmallCap/Other
ROHLTD,SmallCap/Other
ROLEXRINGS,SmallCap/Other
ROLLT,SmallCap/Other
ROML,SmallCap/Other
ROSSARI,SmallCap/Other
ROSSELLIND,SmallCap/Other
ROSSTECH,SmallCap/Other
ROTO,SmallCap/Other
ROUTE,SmallCap/Other
RPEL,SmallCap/Other
RPGLIFE,SmallCap/Other
RPOWER,Power
RPPINFRA,SmallCap/Other
RPPL,SmallCap/Other
RPSGVENT,SmallCap/Other
RPTECH,SmallCap/Other
RRKABEL,Capital Goods
RSL,SmallCap/Other
RSSOFTWARE,SmallCap/Other
RSWM,SmallCap/Other
RSYSTEMS,SmallCap/Other
RTNINDIA,SmallCap/Other
RTNPOWER,SmallCap/Other
RUBFILA,SmallCap/Other
RUBICON,SmallCap/Other
RUBYMILLS,SmallCap/Other
RUCHINFRA,SmallCap/Other
RUCHIRA,SmallCap/Other
RUDRA,SmallCap/Other
RUPA,SmallCap/Other
RUSHIL,SmallCap/Other
RUSTOMJEE,SmallCap/Other
RVHL,SmallCap/Other
RVNL,Construction
RVTH,SmallCap/Other
S&SPOWER,SmallCap/Other
SAATVIKGL,SmallCap/Other
SABEVENTS,SmallCap/Other
SADBHAV,SmallCap/Other
SADBHIN,SmallCap/Other
SADHNANIQ,SmallCap/Other
SAFARI,SmallCap/Other
SAGARDEEP,SmallCap/Other
SAGCEM,SmallCap/Other
SAGILITY,Information Technology
SAHYADRI,SmallCap/Other
SAIL,Metals & Mining
SAILIFE,Healthcare
SAIPARENT,SmallCap/Other
SAKAR,SmallCap/Other
SAKHTISUG,SmallCap/Other
SAKSOFT,SmallCap/Other
SAKUMA,SmallCap/Other
SALASAR,SmallCap/Other
SALONA,SmallCap/Other
SALSTEEL,SmallCap/Other
SALZERELEC,SmallCap/Other
SAMBHAAV,SmallCap/Other
SAMBHV,SmallCap/Other
SAMHI,SmallCap/Other
SAMMAANCAP,Financial Services
SAMPANN,SmallCap/Other
SANATHAN,SmallCap/Other
SANCO,SmallCap/Other
SANDESH,SmallCap/Other
SANDHAR,SmallCap/Other
SANDUMA,SmallCap/Other
SANGAMIND,SmallCap/Other
SANGHIIND,SmallCap/Other
SANGHVIMOV,SmallCap/Other
SANGINITA,SmallCap/Other
SANOFI,SmallCap/Other
SANOFICONR,SmallCap/Other
SANSERA,SmallCap/Other
SANSTAR,SmallCap/Other
SAPPHIRE,Consumer Services
SARDAEN,Metals & Mining
SAREGAMA,Media Entertainment & Publication
SARLAPOLY,SmallCap/Other
SARVESHWAR,SmallCap/Other
SASKEN,SmallCap/Other
SASTASUNDR,SmallCap/Other
SATIA,SmallCap/Other
SATIN,SmallCap/Other
SAURASHCEM,SmallCap/Other
SBC,SmallCap/Other
SBCL,SmallCap/Other
SBFC,Financial Services
SBGLP,SmallCap/Other
SBICARD,Financial Services
SBILIFE,Financial Services
SBIN,Financial Services
SCHAEFFLER,Automobile and Auto Components
SCHAND,SmallCap/Other
SCHNEIDER,Capital Goods
SCI,Services
SCILAL,SmallCap/Other
SCODATUBES,SmallCap/Other
SCPL,SmallCap/Other
SDBL,SmallCap/Other
SEAMECLTD,SmallCap/Other
SECMARK,SmallCap/Other
SECURKLOUD,SmallCap/Other
SEDEMAC,SmallCap/Other
SEJALLTD,SmallCap/Other
SELMC,SmallCap/Other
SEMAC,SmallCap/Other
SENCO,SmallCap/Other
SENORES,SmallCap/Other
SEPC,SmallCap/Other
SERVOTECH,SmallCap/Other
SESHAPAPER,SmallCap/Other
SETCO,SmallCap/Other
SETL,SmallCap/Other
SETUINFRA,SmallCap/Other
SEYAIND,SmallCap/Other
SFL,SmallCap/Other
SGFIN,SmallCap/Other
SGIL,SmallCap/Other
SGL,SmallCap/Other
SGMART,SmallCap/Other
SHADOWFAX,SmallCap/Other
SHAH,SmallCap/Other
SHAHALLOYS,SmallCap/Other
SHAILY,SmallCap/Other
SHAKTIPUMP,SmallCap/Other
SHALBY,SmallCap/Other
SHALPAINTS,SmallCap/Other
SHANKARA,SmallCap/Other
SHANTI,SmallCap/Other
SHANTIGEAR,SmallCap/Other
SHANTIGOLD,SmallCap/Other
SHARDACROP,SmallCap/Other
SHARDAMOTR,SmallCap/Other
SHAREINDIA,SmallCap/Other
SHEKHAWATI,SmallCap/Other
SHEMAROO,SmallCap/Other
SHILCTECH,SmallCap/Other
SHILPAMED,SmallCap/Other
SHIVALIK,SmallCap/Other
SHIVAMAUTO,SmallCap/Other
SHIVAMILLS,SmallCap/Other
SHIVATEX,SmallCap/Other
SHIVAUM,SmallCap/Other
SHK,SmallCap/Other
SHOPERSTOP,SmallCap/Other
SHRADHA,SmallCap/Other
SHREDIGCEM,SmallCap/Other
SHREECEM,Construction Materials
SHREEJISPG,SmallCap/Other
SHREEPUSHK,SmallCap/Other
SHREERAMA,SmallCap/Other
SHRENIK,SmallCap/Other
SHREYANIND,SmallCap/Other
SHRINGARMS,SmallCap/Other
SHRIPISTON,SmallCap/Other
SHRIRAMFIN,Financial Services
SHRIRAMPPS,SmallCap/Other
SHYAMCENT,SmallCap/Other
SHYAMMETL,Capital Goods
SHYAMTEL,SmallCap/Other
SICALLOG,SmallCap/Other
SIEMENS,Capital Goods
SIGACHI,SmallCap/Other
SIGIND,SmallCap/Other
SIGMA,SmallCap/Other
SIGMAADV,SmallCap/Other
SIGNATURE,Realty
SIGNPOST,SmallCap/Other
SIKKO,SmallCap/Other
SIL,SmallCap/Other
SILGO,SmallCap/Other
SILINV,SmallCap/Other
SILLYMONKS,SmallCap/Other
SILVERTUC,SmallCap/Other
SIMBHALS,SmallCap/Other
SIMPLEXINF,SmallCap/Other
SINCLAIR,SmallCap/Other
SINDHUTRAD,SmallCap/Other
SINGERIND,SmallCap/Other
SINTERCOM,SmallCap/Other
SIRCA,SmallCap/Other
SIS,SmallCap/Other
SITINET,SmallCap/Other
SIYSIL,SmallCap/Other
SJS,SmallCap/Other
SJVN,Power
SKFINDIA,SmallCap/Other
SKFINDUS,SmallCap/Other
SKIPPER,SmallCap/Other
SKMEGGPROD,SmallCap/Other
SKYGOLD,SmallCap/Other
SMARTLINK,SmallCap/Other
SMARTWORKS,SmallCap/Other
SMCGLOBAL,SmallCap/Other
SMLMAH,SmallCap/Other
SMLT,SmallCap/Other
SMSPHARMA,SmallCap/Other
SNOWMAN,SmallCap/Other
SOBHA,Realty
SOFTTECH,SmallCap/Other
SOLARA,SmallCap/Other
SOLARINDS,Chemicals
SOLARWORLD,SmallCap/Other
SOLEX,SmallCap/Other
SOMANYCERA,SmallCap/Other
SOMATEX,SmallCap/Other
SOMICONVEY,SmallCap/Other
SONACOMS,Automobile and Auto Components
SONAMLTD,SmallCap/Other
SONATSOFTW,Information Technology
SOTL,SmallCap/Other
SOUTHBANK,SmallCap/Other
SOUTHWEST,SmallCap/Other
SPAL,SmallCap/Other
SPANDANA,SmallCap/Other
SPARC,SmallCap/Other
SPCENET,SmallCap/Other
SPECIALITY,SmallCap/Other
SPECTRUM,SmallCap/Other
SPENCERS,SmallCap/Other
SPIC,SmallCap/Other
SPLIL,SmallCap/Other
SPLPETRO,Chemicals
SPMLINFRA,SmallCap/Other
SPORTKING,SmallCap/Other
SRD,SmallCap/Other
SREEL,SmallCap/Other
SRF,Chemicals
SRGHFL,SmallCap/Other
SRHHYPOLTD,SmallCap/Other
SRM,SmallCap/Other
SRTL,SmallCap/Other
SSDL,SmallCap/Other
SSWL,SmallCap/Other
STALLION,SmallCap/Other
STANLEY,SmallCap/Other
STAR,SmallCap/Other
STARCEMENT,SmallCap/Other
STARHEALTH,Financial Services
STARPAPER,SmallCap/Other
STARTECK,SmallCap/Other
STCINDIA,SmallCap/Other
STEELCAS,SmallCap/Other
STEELCITY,SmallCap/Other
STEELXIND,SmallCap/Other
STEL,SmallCap/Other
STERTOOLS,SmallCap/Other
STLNETWORK,SmallCap/Other
STLTECH,SmallCap/Other
STOVEKRAFT,SmallCap/Other
STUDDS,SmallCap/Other
STYL,SmallCap/Other
STYLAMIND,SmallCap/Other
STYLEBAAZA,SmallCap/Other
STYRENIX,SmallCap/Other
SUBEXLTD,SmallCap/Other
SUBROS,SmallCap/Other
SUDARCOLOR,SmallCap/Other
SUDARSCHEM,SmallCap/Other
SUDEEPPHRM,SmallCap/Other
SUKHJITS,SmallCap/Other
SULA,SmallCap/Other
SUMEETINDS,SmallCap/Other
SUMICHEM,Chemicals
SUMIT,SmallCap/Other
SUMMITSEC,SmallCap/Other
SUNCLAY,SmallCap/Other
SUNDARAM,SmallCap/Other
SUNDARMFIN,Financial Services
SUNDRMBRAK,SmallCap/Other
SUNDRMFAST,SmallCap/Other
SUNDROP,SmallCap/Other
SUNFLAG,SmallCap/Other
SUNPHARMA,Healthcare
SUNTECK,SmallCap/Other
SUNTV,Media Entertainment & Publication
SUPERHOUSE,SmallCap/Other
SUPERSPIN,SmallCap/Other
SUPRAJIT,SmallCap/Other
SUPREME,SmallCap/Other
SUPREMEENG,SmallCap/Other
SUPREMEIND,Capital Goods
SUPREMEINF,SmallCap/Other
SUPRIYA,SmallCap/Other
SURAJEST,SmallCap/Other
SURAJLTD,SmallCap/Other
SURAKSHA,SmallCap/Other
SURANASOL,SmallCap/Other
SURANAT&P,SmallCap/Other
SURYALAXMI,SmallCap/Other
SURYAROSNI,SmallCap/Other
SURYODAY,SmallCap/Other
SUTLEJTEX,SmallCap/Other
SUVEN,SmallCap/Other
SUVIDHAA,SmallCap/Other
SUYOG,SmallCap/Other
SUZLON,Capital Goods
SVLL,SmallCap/Other
SVPGLOB,SmallCap/Other
SWANCORP,Chemicals
SWANDEF,SmallCap/Other
SWARAJENG,SmallCap/Other
SWELECTES,SmallCap/Other
SWIGGY,Consumer Services
SWSOLAR,SmallCap/Other
SYMPHONY,SmallCap/Other
SYNCOMF,SmallCap/Other
SYNGENE,Healthcare
SYRMA,Capital Goods
SYSTMTXC,SmallCap/Other
TAINWALCHM,SmallCap/Other
TAJGVK,SmallCap/Other
TAKE,SmallCap/Other
TALBROAUTO,SmallCap/Other
TANLA,SmallCap/Other
TARACHAND,SmallCap/Other
TARAPUR,SmallCap/Other
TARC,SmallCap/Other
TARIL,Capital Goods
TARMAT,SmallCap/Other
TARSONS,SmallCap/Other
TASTYBITE,SmallCap/Other
TATACAP,Financial Services
TATACHEM,Chemicals
TATACOMM,Telecommunication
TATACONSUM,Fast Moving Consumer Goods
TATAELXSI,Information Technology
TATAINVEST,Financial Services
TATAPOWER,Power
TATASTEEL,Metals & Mining
TATATECH,Information Technology
TATVA,SmallCap/Other
TBOTEK,Consumer Services
TBZ,SmallCap/Other
TCC,SmallCap/Other
TCI,SmallCap/Other
TCIEXP,SmallCap/Other
TCIFINANCE,SmallCap/Other
TCPLPACK,SmallCap/Other
TCS,Information Technology
TDPOWERSYS,SmallCap/Other
TEAMGTY,SmallCap/Other
TEAMLEASE,SmallCap/Other
TECHM,Information Technology
TECHNOE,Construction
TECILCHEM,SmallCap/Other
TEGA,Capital Goods
TEJASNET,Telecommunication
TEMBO,SmallCap/Other
TENNIND,Automobile and Auto Components
TERASOFT,SmallCap/Other
TEXINFRA,SmallCap/Other
TEXMOPIPES,SmallCap/Other
TEXRAIL,SmallCap/Other
TFCILTD,SmallCap/Other
TFL,SmallCap/Other
TGBHOTELS,SmallCap/Other
THANGAMAYL,SmallCap/Other
THEINVEST,SmallCap/Other
THEJO,SmallCap/Other
THELEELA,Consumer Services
THEMISMED,SmallCap/Other
THERMAX,Capital Goods
THOMASCOOK,SmallCap/Other
THOMASCOTT,SmallCap/Other
THYROCARE,SmallCap/Other
TI,SmallCap/Other
TICL,SmallCap/Other
TIGERLOGS,SmallCap/Other
TIIL,SmallCap/Other
TIINDIA,Automobile and Auto Components
TIJARIA,SmallCap/Other
TIL,SmallCap/Other
TIMETECHNO,SmallCap/Other
TIMKEN,Capital Goods
TINNARUBR,SmallCap/Other
TIPSFILMS,SmallCap/Other
TIPSMUSIC,SmallCap/Other
TIRUMALCHM,SmallCap/Other
TIRUPATIFL,SmallCap/Other
TITAGARH,Capital Goods
TITAN,Consumer Durables
TMB,SmallCap/Other
TMCV,Capital Goods
TMPV,Automobile and Auto Components
TNPETRO,SmallCap/Other
TNPL,SmallCap/Other
TNTELE,SmallCap/Other
TOKYOPLAST,SmallCap/Other
TOLINS,SmallCap/Other
TORNTPHARM,Healthcare
TORNTPOWER,Power
TOTAL,SmallCap/Other
TOUCHWOOD,SmallCap/Other
TPHQ,SmallCap/Other
TPLPLASTEH,SmallCap/Other
TRACXN,SmallCap/Other
TRANSRAILL,SmallCap/Other
TRANSWORLD,SmallCap/Other
TRAVELFOOD,Consumer Services
TREEHOUSE,SmallCap/Other
TREJHARA,SmallCap/Other
TREL,SmallCap/Other
TRENT,Consumer Services
TRF,SmallCap/Other
TRIDENT,Textiles
TRIGYN,SmallCap/Other
TRITURBINE,Capital Goods
TRIVENI,SmallCap/Other
TRU,SmallCap/Other
TRUALT,SmallCap/Other
TSFINV,SmallCap/Other
TTKHLTCARE,SmallCap/Other
TTKPRESTIG,SmallCap/Other
TTL,SmallCap/Other
TTML,Telecommunication
TVSELECT,SmallCap/Other
TVSHLTD,SmallCap/Other
TVSMOTOR,Automobile and Auto Components
TVSSCS,SmallCap/Other
TVSSRICHAK,SmallCap/Other
TVTODAY,SmallCap/Other
TVVISION,SmallCap/Other
UBL,Fast Moving Consumer Goods
UCAL,SmallCap/Other
UCOBANK,Financial Services
UDS,SmallCap/Other
UEL,SmallCap/Other
UFBL,SmallCap/Other
UFLEX,SmallCap/Other
UFO,SmallCap/Other
UGARSUGAR,SmallCap/Other
UGROCAP,SmallCap/Other
UJJIVANSFB,SmallCap/Other
ULTRACEMCO,Construction Materials
UMAEXPORTS,SmallCap/Other
UMESLTD,SmallCap/Other
UMIYA-MRO,SmallCap/Other
UNICHEMLAB,SmallCap/Other
UNIDT,SmallCap/Other
UNIECOM,SmallCap/Other
UNIENTER,SmallCap/Other
UNIINFO,SmallCap/Other
UNIMECH,SmallCap/Other
UNIONBANK,Financial Services
UNIPARTS,SmallCap/Other
UNITDSPR,Fast Moving Consumer Goods
UNITECH,SmallCap/Other
UNITEDPOLY,SmallCap/Other
UNITEDTEA,SmallCap/Other
UNIVASTU,SmallCap/Other
UNIVCABLES,SmallCap/Other
UNIVPHOTO,SmallCap/Other
UNOMINDA,Automobile and Auto Components
UPL,Chemicals
URAVIDEF,SmallCap/Other
URBANCO,Consumer Services
URJA,SmallCap/Other
USHAMART,Capital Goods
USK,SmallCap/Other
UTIAMC,Financial Services
UTKARSHBNK,SmallCap/Other
UTLSOLAR,SmallCap/Other
UTTAMSUGAR,SmallCap/Other
UYFINCORP,SmallCap/Other
V2RETAIL,SmallCap/Other
VADILALIND,SmallCap/Other
VAIBHAVGBL,SmallCap/Other
VAISHALI,SmallCap/Other
VAKRANGEE,SmallCap/Other
VALIANTLAB,SmallCap/Other
VALIANTORG,SmallCap/Other
VARDHACRLC,SmallCap/Other
VARDMNPOLY,SmallCap/Other
VARROC,SmallCap/Other
VASCONEQ,SmallCap/Other
VASWANI,SmallCap/Other
VBL,Fast Moving Consumer Goods
VCL,SmallCap/Other
VEDL,Metals & Mining
VEEDOL,SmallCap/Other
VENKEYS,SmallCap/Other
VENTIVE,SmallCap/Other
VENUSPIPES,SmallCap/Other
VENUSREM,SmallCap/Other
VERANDA,SmallCap/Other
VERTOZ,SmallCap/Other
VESUVIUS,SmallCap/Other
VETO,SmallCap/Other
VGL,SmallCap/Other
VGUARD,SmallCap/Other
VHL,SmallCap/Other
VHLTD,SmallCap/Other
VIDHIING,SmallCap/Other
VIDYAWIRES,SmallCap/Other
VIJAYA,Healthcare
VIJIFIN,SmallCap/Other
VIKASECO,SmallCap/Other
VIKASLIFE,SmallCap/Other
VIKRAMSOLR,SmallCap/Other
VIKRAN,SmallCap/Other
VIMTALABS,SmallCap/Other
VINATIORGA,SmallCap/Other
VINCOFE,SmallCap/Other
VINDHYATEL,SmallCap/Other
VINEETLAB,SmallCap/Other
VINNY,SmallCap/Other
VINYLINDIA,SmallCap/Other
VIPCLOTHNG,SmallCap/Other
VIPIND,SmallCap/Other
VIPULLTD,SmallCap/Other
VIRINCHI,SmallCap/Other
VISAKAIND,SmallCap/Other
VISASTEEL,SmallCap/Other
VISHNU,SmallCap/Other
VISHWARAJ,SmallCap/Other
VITAL,SmallCap/Other
VIVIDHA,SmallCap/Other
VIVIMEDLAB,SmallCap/Other
VIYASH,SmallCap/Other
VLEGOV,SmallCap/Other
VLSFINANCE,SmallCap/Other
VMART,SmallCap/Other
VMM,Consumer Services
VMSTMT,SmallCap/Other
VOLTAMP,SmallCap/Other
VOLTAS,Consumer Durables
VPRPL,SmallCap/Other
VRAJ,SmallCap/Other
VRLLOG,SmallCap/Other
VSSL,SmallCap/Other
VSTIND,SmallCap/Other
VSTL,SmallCap/Other
VSTTILLERS,SmallCap/Other
VTL,Textiles
WAAREEENER,Capital Goods
WAAREEINDO,SmallCap/Other
WAAREERTL,SmallCap/Other
WABAG,SmallCap/Other
WAKEFIT,SmallCap/Other
WALCHANNAG,SmallCap/Other
WANBURY,SmallCap/Other
WCIL,SmallCap/Other
WEALTH,SmallCap/Other
WEBELSOLAR,SmallCap/Other
WEIZMANIND,SmallCap/Other
WEL,SmallCap/Other
WELCORP,Capital Goods
WELENT,SmallCap/Other
WELINV,SmallCap/Other
WELSPUNLIV,Textiles
WENDT,SmallCap/Other
WESTLIFE,SmallCap/Other
WEWIN,SmallCap/Other
WEWORK,SmallCap/Other
WHEELS,SmallCap/Other
WHIRLPOOL,Consumer Durables
WILLAMAGOR,SmallCap/Other
WINDLAS,SmallCap/Other
WINDMACHIN,SmallCap/Other
WINSOME,SmallCap/Other
WIPL,SmallCap/Other
WIPRO,Information Technology
WOCKPHARMA,Healthcare
WONDERLA,SmallCap/Other
WORTHPERI,SmallCap/Other
WSI,SmallCap/Other
WSTCSTPAPR,SmallCap/Other
XCHANGING,SmallCap/Other
XELPMOC,SmallCap/Other
XPROINDIA,SmallCap/Other
XTGLOBAL,SmallCap/Other
YASHO,SmallCap/Other
YATHARTH,SmallCap/Other
YATRA,SmallCap/Other
YESBANK,Financial Services
YUKEN,SmallCap/Other
ZAGGLE,SmallCap/Other
ZEEL,Media Entertainment & Publication
ZEELEARN,SmallCap/Other
ZEEMEDIA,SmallCap/Other
ZENITHEXPO,SmallCap/Other
ZENITHSTL,SmallCap/Other
ZENSARTECH,Information Technology
ZENTEC,Capital Goods
ZFCVINDIA,Automobile and Auto Components
ZIMLAB,SmallCap/Other
ZODIAC,SmallCap/Other
ZODIACLOTH,SmallCap/Other
ZOTA,SmallCap/Other
ZUARI,SmallCap/Other
ZUARIIND,SmallCap/Other
ZYDUSLIFE,Healthcare
ZYDUSWELL,Fast Moving Consumer Goods
